headline,headline_url
 বাড়ছে শ্বাসতন্ত্রের রোগ,https://www.prothomalo.com/bangladesh/district/wudqas472f
" এই সময়ে বই পড়া, বই কেনা",https://www.prothomalo.com/onnoalo/zom08p4399
" রাজতন্ত্রের সমালোচনা করে পোস্ট, ২৮ বছরের কারাদণ্ড তরুণের",https://www.prothomalo.com/world/asia/bwmga84ux9
 মামলা নিয়ে যত চিন্তা হেফাজতের,https://www.prothomalo.com/politics/9jb5pbrz6i
 মরতে বসেছে মুক্তেশ্বরী নদী,https://www.prothomalo.com/bangladesh/district/7b52o5brrd
 ৪ হাজার বছর পর মিলল সোনায় মোড়ানো মমি,https://www.prothomalo.com/world/middle-east/6om8nyic98
 বাজির প্রতিষ্ঠানগুলোর জন্যও দুঃস্বপ্নের নাম আর্লিং হলান্ড,https://www.prothomalo.com/sports/football/4ms2fp0atp
 ট্যাংক পেলে কি রাশিয়াকে হারাতে পারবে ইউক্রেন,https://www.prothomalo.com/video/international/vcgwvqhit7
 উলানিয়া দ্বীপে শুটিংয়ে করতে গিয়ে অসুস্থ নায়িকা,https://www.prothomalo.com/entertainment/dhallywood/16r9e2nrjj
 ‘কী পড়ছি’র সঙ্গে ‘কেন পড়ছি’টাও থাকা দরকার,https://www.prothomalo.com/lifestyle/2l6kqsy1ez
" ছাত্রদলের কমিটি ঘোষণার পর নরসিংদী জেলা বিএনপি কার্যালয়ে ভাঙচুর, অগ্নিসংযোগ",https://www.prothomalo.com/bangladesh/district/ampmfqopz4
 ‘ডেলিভারি বয়’ থেকে সফল ফ্রিল্যান্সার সিঙ্গাইরের আলমগীর,https://www.prothomalo.com/video/bangladesh/s3a9stdyu6
" কিশোরদের ফুটবল খেলা নিয়ে দুই গ্রামের বাসিন্দাদের সংঘর্ষ, পুলিশসহ আহত ১৫",https://www.prothomalo.com/bangladesh/district/ml232kwfrl
" দেশে মূল্যস্ফীতি বাড়বে, প্রবৃদ্ধি কমে যাবে",https://www.prothomalo.com/business/hfl3f5bxc8
 যুক্তরাষ্ট্রে কৃষ্ণাঙ্গ তরুণের মৃত্যু: পুলিশের ৫ কর্মকর্তার বিরুদ্ধে হত্যার অভিযোগ,https://www.prothomalo.com/world/usa/ngclpjozyw
